proteomeID,taxonomy,organism,proteinID,fragment,version,res,res_n,phi,psi,omega,twist,SecondaryStructure,X,Y,Z,pLDDT,contacts,beta_neighbors
BM0000,0000,TEST,Q9Y572,F1,model_v1,THR,445,-70.48602902934385,95.78564531028994,176.6783825422906,25.299616280946083,polyproline II,14.778,33.788,18.206,38.38,,
BM0000,0000,TEST,Q9Y572,F1,model_v1,GLY,446,-51.4250262453688,140.74724962840332,177.5758885431932,89.32222338303453,polyproline II,11.081,34.667,17.952,36.3,,
BM0000,0000,TEST,Q9Y572,F1,model_v1,ARG,447,-49.110096618628134,134.4444620372716,176.9806479342873,85.33436541864346,polyproline II,9.245,33.278,14.879,38.38,,"[193, 195]"
BM0000,0000,TEST,Q9Y572,F1,model_v1,PRO,448,-60.87824681618665,118.89882371551329,178.46344473369277,58.020576899326635,polyproline II,9.554,35.642,11.844,45.69,,"[468, 470]"
BM0000,0000,TEST,Q9Y572,F1,model_v1,LEU,449,-80.14431919082914,113.52258936277399,177.15960765858966,33.37827017194485,polyproline II,6.338,37.715,11.805,39.05,,[468]
BM0000,0000,TEST,Q9Y572,F1,model_v1,VAL,450,-98.15244397119604,109.99350658299758,172.3274502893396,11.841062611801547,β-sheet,5.038,37.89,8.185,56.56,,"[466, 467, 468, 470]"
BM0000,0000,TEST,Q9Y572,F1,model_v1,ASN,451,-102.99653085227408,119.526410111786,179.26892746753325,16.52987925951193,β-sheet,2.628,40.831,7.699,49.55,,"[466, 468]"
BM0000,0000,TEST,Q9Y572,F1,model_v1,ILE,452,-109.3137819182762,121.2414365124432,-178.82672319978494,11.927654594166995,β-sheet,0.924,40.827,4.256,59.0,,"[466, 467, 468]"
BM0000,0000,TEST,Q9Y572,F1,model_v1,TYR,453,-114.22383110838057,145.66846564915122,173.09507719992266,31.44463454077065,β-sheet,-0.948,44.06,3.304,56.32,,
BM0000,0000,TEST,Q9Y572,F1,model_v1,ASN,454,53.2544450379282,43.86241718686308,168.35113269019232,-9.392027851065123,left-handed,-3.352,44.84,0.374,43.9,,
BM0000,0000,TEST,Q9Y572,F1,model_v1,CYS,455,-65.60257202587809,116.50175680831319,163.66101428781002,50.8991847824351,polyproline II,-3.602,41.396,-1.312,54.85,,"[450, 466]"
BM0000,0000,TEST,Q9Y572,F1,model_v1,SER,456,-128.54553797015643,108.74992519156791,-178.98973653414427,-19.79561277858852,β-sheet,-5.782,41.644,-4.438,47.3,,
BM0000,0000,TEST,Q9Y572,F1,model_v1,GLY,457,161.60935504651692,130.43998699395507,171.3379998445728,-31.16936805256185,,-5.452,38.493,-6.586,54.28,,"[452, 466]"
BM0000,0000,TEST,Q9Y572,F1,model_v1,VAL,458,-112.08721548298949,124.0628660691535,174.47345132264286,11.975650586164008,β-sheet,-6.89,34.948,-6.897,54.46,,"[465, 466]"
BM0000,0000,TEST,Q9Y572,F1,model_v1,GLN,459,-113.95228542449914,121.85953757479955,-178.10684989908233,7.907252150300408,β-sheet,-4.534,32.329,-8.403,55.69,,"[465, 466]"
BM0000,0000,TEST,Q9Y572,F1,model_v1,VAL,460,-108.8885382086779,123.87810645649931,178.8389319604851,14.98956824782141,β-sheet,-6.125,29.029,-9.574,48.82,,"[225, 465, 466]"
BM0000,0000,TEST,Q9Y572,F1,model_v1,GLY,461,146.24388034288808,158.36461212200956,-178.3192126825735,12.120731779121485,γ,-3.854,26.003,-10.308,63.52,,"[224, 466]"
BM0000,0000,TEST,Q9Y572,F1,model_v1,ASP,462,-83.84953096760846,143.87320552225344,179.28558208236,60.023674554644984,polyproline II,-1.65,23.319,-8.654,60.63,,"[31, 225]"
BM0000,0000,TEST,Q9Y572,F1,model_v1,ASN,463,72.68602744497653,42.03268069453637,172.02840552759162,-30.653346750440164,left-handed,1.927,24.052,-7.267,57.19,,"[31, 178, 180]"
BM0000,0000,TEST,Q9Y572,F1,model_v1,ASN,464,-78.33400273662936,129.24573394500675,174.61242883226288,50.91173120837739,polyproline II,1.88,27.846,-6.524,60.77,,"[458, 459]"
BM0000,0000,TEST,Q9Y572,F1,model_v1,TYR,465,-128.53205093035575,135.3550052143532,173.31225675486957,6.822954283997461,β-sheet,4.939,29.076,-4.516,64.53,,"[458, 459, 460]"
BM0000,0000,TEST,Q9Y572,F1,model_v1,LEU,466,-101.29926293407745,115.75901637218543,176.564297585256,14.459753438107981,β-sheet,5.693,32.584,-3.161,63.72,,"[450, 451, 452, 457, 458, 459, 460]"
BM0000,0000,TEST,Q9Y572,F1,model_v1,THR,467,-97.55195565233879,108.06920159818034,173.25210175745232,10.517245945841552,β-sheet,9.467,33.262,-2.922,55.84,,"[450, 452]"
BM0000,0000,TEST,Q9Y572,F1,model_v1,MET,468,-95.21842651988148,112.11494950390963,173.0617352700468,16.896522984028152,β-sheet,10.181,36.109,-0.456,55.61,,"[449, 450, 451, 452]"
BM0000,0000,TEST,Q9Y572,F1,model_v1,GLN,469,-71.27711100498587,127.4643039524738,171.31759585289822,56.18719294748793,polyproline II,13.827,37.241,-0.714,40.76,,[450]
BM0000,0000,TEST,Q9Y572,F1,model_v1,GLN,470,-62.59730195095107,106.32618902603815,167.49393658480463,43.72888707508708,polyproline II,15.248,38.197,2.717,45.32,,"[449, 450, 451]"
BM0000,0000,TEST,Q9Y572,F1,model_v1,THR,471,-62.915976308380195,115.42755901230503,173.7000049477043,52.51158270392483,polyproline II,16.085,41.911,2.353,39.84,,[450]
BM0000,0000,TEST,Q9Y572,F1,model_v1,THR,472,-53.49968012018778,138.28842338167786,-170.90951872641395,84.78874326149008,polyproline II,19.548,42.229,3.944,37.48,,
BM0000,0000,TEST,Q9Y572,F1,model_v1,ALA,473,-35.842360539104014,127.02799934765467,168.57141201266776,91.18563880855066,polyproline II,19.589,44.328,7.139,37.48,,
BM0000,0000,TEST,Q8WXI7,F1,model_v1,SER,870,-176.17939663095623,137.86684467798884,161.32223145260102,-38.3125519529674,β-sheet,-6.717,63.13,60.067,31.71,,
BM0000,0000,TEST,Q8WXI7,F1,model_v1,ASN,871,-37.07125020059798,175.33240240429205,-30.60980644729664,138.26115220369408,polyproline II,-9.45,61.622,57.777,31.01,,
BM0000,0000,TEST,Q8WXI7,F1,model_v1,PRO,872,-144.99732401818977,157.37260801591324,151.1727876142246,12.375283997723471,β-sheet,-11.652,59.51,56.757,40.99,,
BM0000,0000,TEST,Q8WXI7,F1,model_v1,SER,873,-173.85045975570185,123.38857295762436,90.64090605401469,-50.46188679807749,β-sheet,-14.975,57.485,56.381,32.16,,
BM0000,0000,TEST,Q8WXI7,F1,model_v1,VAL,874,68.71220465074943,120.79184180620949,5.000181695716403,52.07963715546006,γ,-18.346,57.435,55.177,34.6,,[186]
BM0000,0000,TEST,Q8WXI7,F1,model_v1,SER,875,-161.05660388855432,171.844099367071,173.4661096705701,10.78749547851669,β-sheet,-21.525,57.976,54.82,34.79,,"[184, 186]"
BM0000,0000,TEST,Q8WXI7,F1,model_v1,GLN,876,-116.47065224099069,163.89709675904933,-178.80462166748683,47.426444518058645,β-sheet,-24.989,59.77,54.374,34.86,,"[184, 186]"
BM0000,0000,TEST,Q8WXI7,F1,model_v1,PRO,877,-111.46837479089535,173.76223939393807,137.46219012135978,62.29386460304272,β-sheet,-28.394,58.701,52.685,39.72,,"[184, 186]"
BM0000,0000,TEST,Q8WXI7,F1,model_v1,GLU,878,178.79772308432914,-169.31049023217972,-155.91214590844803,-348.10821331650885,,-31.512,59.927,50.805,36.6,,"[184, 186]"
BM0000,0000,TEST,Q8WXI7,F1,model_v1,THR,879,-139.7265295276327,149.85863836702856,142.0314183837511,10.132108839395869,β-sheet,-34.602,59.127,48.559,32.38,,[186]
BM0000,0000,TEST,Q8WXI7,F1,model_v1,SER,880,78.77232006972642,112.94530536656252,130.81948525782812,34.1729852968361,γ,-37.112,59.232,45.684,31.62,,
BM0000,0000,TEST,Q8WXI7,F1,model_v1,VAL,881,65.35775963854374,109.67292215930942,101.55822364480697,44.31516252076568,left-handed,-38.589,59.89,42.304,29.44,,
BM0000,0000,TEST,Q8WXI7,F1,model_v1,SER,882,172.65856617827822,151.1877055681495,152.15898737640154,-21.47086061012871,,-39.341,61.335,39.153,30.78,,
BM0000,0000,TEST,Q8WXI7,F1,model_v1,ARG,883,57.04775402112475,87.38704545248177,116.45020408986309,30.33929143135702,left-handed,-39.547,61.461,35.296,34.82,,"[888, 889]"
BM0000,0000,TEST,Q8WXI7,F1,model_v1,VAL,884,-136.09604706710707,155.93229558680312,-177.50741110387867,19.836248519696056,β-sheet,-37.834,60.288,32.321,32.52,,[889]
BM0000,0000,TEST,Q8WXI7,F1,model_v1,ARG,885,-86.35172595241137,162.70331330242627,159.83453095465427,76.3515873500149,polyproline II,-39.673,57.549,30.247,29.64,,
BM0000,0000,TEST,Q8WXI7,F1,model_v1,THR,886,61.1328108220883,97.31516657683147,131.39582770916354,36.18235575474317,left-handed,-38.76,54.129,28.756,30.61,,
BM0000,0000,TEST,Q8WXI7,F1,model_v1,THR,887,64.71006409377249,62.300103364048624,157.20802231921098,-2.4099607297238634,left-handed,-36.553,51.267,29.442,28.82,,
BM0000,0000,TEST,Q8WXI7,F1,model_v1,LEU,888,-162.23747362771016,136.1600287075149,178.4850896645062,-26.077444920195262,β-sheet,-32.937,51.407,30.733,34.94,,[897]
BM0000,0000,TEST,Q8WXI7,F1,model_v1,ALA,889,-149.77364289523658,134.25376233961853,-169.85617262321492,-15.519880555618045,β-sheet,-31.548,50.647,34.273,28.26,,"[884, 897, 899]"
BM0000,0000,TEST,Q8WXI7,F1,model_v1,SER,890,-148.4195159922739,176.72261743953698,13.61704475137664,28.30310144726309,β-sheet,-27.923,50.333,35.596,36.73,,"[896, 898, 899]"
BM0000,0000,TEST,Q8WXI7,F1,model_v1,THR,891,-155.7943943324523,169.1776060678971,166.14693598545793,13.383211735444803,β-sheet,-25.045,50.208,37.111,37.86,,"[897, 899]"
BM0000,0000,TEST,Q8WXI7,F1,model_v1,SER,892,65.52323119609831,168.02846657418013,-162.7798518945114,102.50523537808182,γ,-21.94,48.527,38.743,40.6,[897],"[898, 899, 900]"
BM0000,0000,TEST,Q8WXI7,F1,model_v1,VAL,893,-114.61653679357362,-164.48463541348897,-130.43452054996482,-279.1011722070626,,-21.229,45.483,41.061,45.5,"[896, 897, 898]","[899, 900]"
BM0000,0000,TEST,Q8WXI7,F1,model_v1,PRO,894,45.67303790529069,-151.70134891361988,142.6206414092589,-197.37438681891058,,-21.279,44.153,44.602,44.59,,"[899, 900]"
BM0000,0000,TEST,Q8WXI7,F1,model_v1,THR,895,-80.18402827700679,120.39974265000053,9.065401751229677,40.215714372993745,polyproline II,-24.584,45.082,46.054,47.59,,"[187, 188, 890, 900]"
BM0000,0000,TEST,Q8WXI7,F1,model_v1,PRO,896,-88.34068207629502,159.42962891897741,161.07099342847084,71.08894684268239,polyproline II,-25.72,47.021,44.055,40.05,[893],"[889, 890, 891]"
BM0000,0000,TEST,Q8WXI7,F1,model_v1,GLU,1186,-147.54543643847742,176.36949310344798,160.7058340235893,28.824056664970556,β-sheet,13.694,-52.63,-45.432,34.45,"[397, 398, 399, 400]","[395, 397, 399, 401, 402, 962, 963, 964, 965, 1181]"
BM0000,0000,TEST,Q8WXI7,F1,model_v1,THR,1187,-61.719391305449214,167.11580523191466,42.96652027227332,105.39641392646544,polyproline II,15.358,-51.656,-42.051,32.51,"[399, 400]","[395, 397, 399, 401, 402, 962, 963, 964, 965, 1298]"
BM0000,0000,TEST,Q8WXI7,F1,model_v1,SER,1188,73.87731500518036,117.48938200003201,154.9797640344472,43.612066994851645,γ,18.014,-50.186,-40.46,27.82,,"[394, 395, 397, 399, 401, 402, 688, 963, 964, 1299]"
BM0000,0000,TEST,Q8WXI7,F1,model_v1,ARG,1189,83.7127022567848,126.70436945092094,135.50579651096334,42.99166719413614,γ,21.358,-51.269,-38.846,27.15,,"[394, 395, 397, 399, 401, 402, 690, 963, 1299, 1301]"
BM0000,0000,TEST,Q8WXI7,F1,model_v1,TRP,1190,69.09185379454834,158.99872710854243,11.013818624448206,89.90687331399408,γ,24.814,-52.68,-38.623,24.36,,"[394, 395, 397, 405, 693, 1301]"
BM0000,0000,TEST,Q8WXI7,F1,model_v1,ASN,1191,-144.10162898934502,165.6313948977747,171.3058992513551,21.52976590842968,β-sheet,27.594,-54.171,-38.403,29.77,,"[393, 693, 1301]"
BM0000,0000,TEST,Q8WXI7,F1,model_v1,MET,1192,-66.60650745817493,162.28970855108722,84.44802211627021,95.68320109291228,polyproline II,31.44,-53.717,-38.11,38.89,,"[393, 693, 694, 695, 696, 698]"
BM0000,0000,TEST,Q8WXI7,F1,model_v1,PRO,1193,-152.523266020314,138.63731978605327,122.68894275432018,-13.885946234260729,β-sheet,34.416,-55.286,-37.756,33.64,,"[693, 694, 695, 696, 698]"
BM0000,0000,TEST,Q8WXI7,F1,model_v1,ASN,1194,167.5279664705592,153.20502156759503,175.43311910934824,-14.322944902964167,,37.942,-54.263,-37.198,34.56,,"[693, 694, 695, 696, 698]"
BM0000,0000,TEST,Q8WXI7,F1,model_v1,LEU,1195,-127.98814612690533,178.89280262569065,-4.743299675935737,50.904656498785315,β-sheet,40.449,-52.013,-35.241,31.2,[696],"[693, 694, 695, 696, 698]"
BM0000,0000,TEST,Q8WXI7,F1,model_v1,PRO,1196,-135.55326126900286,175.88009242265372,129.52796494604817,40.32683115365086,β-sheet,43.129,-50.375,-34.451,38.66,"[696, 697]","[693, 694, 695, 696, 698, 700]"
BM0000,0000,TEST,Q8WXI7,F1,model_v1,SER,1197,136.51192027585594,135.2657261329349,143.4706583430187,-1.2461941429210412,γ,45.61,-47.503,-34.17,30.31,[697],"[693, 694, 695, 696, 698]"
BM0000,0000,TEST,Q8WXI7,F1,model_v1,THR,1198,54.81953975187094,140.96902243868507,-8.26237697190289,86.14948268681414,γ,47.217,-44.007,-33.925,32.38,,"[694, 695, 696, 698]"
BM0000,0000,TEST,Q8WXI7,F1,model_v1,THR,1199,-166.24132886662147,148.43029482758624,-169.71901130276922,-17.811034039035235,β-sheet,47.581,-40.693,-33.762,33.67,,"[694, 695, 696, 698]"
BM0000,0000,TEST,Q8WXI7,F1,model_v1,SER,1200,-152.03192237701745,149.0138108116284,170.63446713879296,-3.018111565389063,β-sheet,46.566,-36.9,-34.045,30.09,,"[694, 695, 696]"
BM0000,0000,TEST,Q8WXI7,F1,model_v1,LEU,1201,-147.93488267941245,151.78376178384798,10.409217600235676,3.8488791044355253,β-sheet,47.014,-33.146,-32.986,29.58,,[695]
BM0000,0000,TEST,Q8WXI7,F1,model_v1,THR,1202,82.70523794523879,146.63095020905897,-36.93210440300845,63.925712263820174,γ,45.606,-29.956,-32.706,32.27,,
BM0000,0000,TEST,Q8WXI7,F1,model_v1,PRO,1203,-145.73837956918686,-172.1295454254012,153.24802362597293,-317.86792499458807,,45.336,-26.77,-32.147,39.47,,
BM0000,0000,TEST,Q8WXI7,F1,model_v1,SER,1204,133.59748161846545,121.84385174486485,58.32654004950334,-11.753629873600602,γ,44.682,-22.898,-31.689,30.01,,[1106]
BM0000,0000,TEST,Q8WXI7,F1,model_v1,ASN,1205,84.31157374986608,137.76337960155865,13.668607636944321,53.45180585169257,γ,42.724,-20.048,-31.865,29.49,,"[281, 283, 1104, 1106, 1108]"
BM0000,0000,TEST,Q8WXI7,F1,model_v1,ILE,1206,-166.30639860219944,162.40770002288534,-36.60499763513925,-3.8986985793141002,β-sheet,41.328,-17.011,-31.656,31.73,,"[280, 281, 283, 1104, 1106, 1108]"
BM0000,0000,TEST,Q8WXI7,F1,model_v1,PRO,1207,-121.58337659656527,-165.46061242899475,176.39491472485764,-287.04398902556,,38.542,-15.468,-32.746,34.74,,"[280, 281, 283, 1103, 1105, 1107, 1108]"
BM0000,0000,TEST,Q8WXI7,F1,model_v1,THR,1208,-130.7416176150051,162.2102902724708,-173.8687265887749,31.468672657465675,β-sheet,36.025,-14.128,-35.47,28.25,,"[1103, 1105, 1107]"
BM0000,0000,TEST,Q8WXI7,F1,model_v1,SER,1209,-56.66552747475651,153.21357334461428,148.9923318243843,96.54804586985776,polyproline II,33.19,-11.499,-35.727,31.35,,"[1103, 1105, 1107]"
BM0000,0000,TEST,Q8WXI7,F1,model_v1,GLY,1210,-136.55633020565728,158.14733637378964,6.838987128807956,21.591006168132367,β-sheet,29.51,-11.277,-34.889,34.78,,"[676, 678, 679, 1103, 1105, 1107]"
BM0000,0000,TEST,Q8WXI7,F1,model_v1,ALA,1211,-168.70644468512108,166.1657265600907,-19.631122750831008,-2.540718125030395,β-sheet,26.737,-10.388,-35.962,40.28,,"[676, 678, 679, 680, 681, 1103, 1105]"
BM0000,0000,TEST,Q8WXI7,F1,model_v1,ILE,1212,-167.82339697690625,149.5005347340416,170.2379372319138,-18.32286224286466,β-sheet,24.47,-11.374,-38.27,34.53,,"[676, 678, 679, 680, 681, 1103, 1105]"
BM0000,0000,TEST,Q8WXI7,F1,model_v1,GLY,1213,168.70206568408514,65.60588624693338,93.2052085320718,-103.09617943715176,,22.008,-11.758,-41.281,35.25,,"[676, 678, 679, 680, 681, 683]"
BM0000,0000,TEST,Q8WXI7,F1,model_v1,LYS,1214,68.79965659132898,112.71592854778959,68.75759458343309,43.916271956460605,γ,21.511,-14.773,-43.048,33.9,,"[678, 679, 680, 681, 683, 1097, 1099, 1101, 1103]"
BM0000,0000,TEST,Q8WXI7,F1,model_v1,SER,1215,93.69621718682613,146.78944106418336,0.10381592351897093,53.09322387735723,γ,20.705,-17.138,-45.451,28.99,,"[679, 680, 681, 683, 685, 1090, 1092, 1094, 1096, 1098, 1100, 1101]"
BM0000,0000,TEST,Q8WXI7,F1,model_v1,THR,1216,-174.38575944913276,164.8701711987927,157.91538977855876,-9.515588250340073,β-sheet,19.84,-19.654,-47.333,31.42,,"[679, 680, 681, 683, 685, 686, 1090, 1092, 1094, 1096, 1098, 1100, 1101]"
BM0000,0000,TEST,Q8WXI7,F1,model_v1,LEU,1217,76.7485172890187,151.3269501770795,-174.8627680803934,74.57843288806082,γ,19.511,-22.8,-49.633,35.11,[1099],"[681, 683, 685, 686, 1090, 1092, 1094, 1096, 1098, 1100, 1101]"
BM0000,0000,TEST,Q8WXI7,F1,model_v1,VAL,1218,-149.24582605687854,147.70972899640947,156.55800735521575,-1.536097060469075,β-sheet,18.954,-24.458,-53.085,35.86,,"[683, 685, 686, 1090, 1092, 1094, 1096, 1098, 1100, 1101]"
BM0000,0000,TEST,Q8WXI7,F1,model_v1,PRO,1219,-122.63885985316502,167.11786679027387,-33.550873133933514,44.47900693710885,β-sheet,17.943,-27.905,-54.496,39.75,,"[683, 685, 686, 1092, 1094, 1096, 1098, 1100]"
BM0000,0000,TEST,Q8WXI7,F1,model_v1,LEU,1220,-174.3481734899894,149.5025329052733,-51.948883101097124,-24.84564058471608,β-sheet,19.246,-30.323,-56.359,34.33,,"[1096, 1098]"
BM0000,0000,TEST,Q8WXI7,F1,model_v1,ASP,1221,-162.93994337151383,166.52815934856957,156.0202176543343,3.5882159770557394,β-sheet,21.764,-31.805,-58.148,33.33,,[1098]
BM0000,0000,TEST,Q8WXI7,F1,model_v1,THR,1222,63.093377975014036,168.26428174163783,11.896323704595675,105.1709037666238,γ,24.554,-33.958,-59.854,30.55,,
BM0000,0000,TEST,Q8WXI7,F1,model_v1,PRO,1223,-122.09839604771706,159.76198741897565,163.6074375054604,37.66359137125859,β-sheet,26.47,-36.191,-61.063,34.83,,
BM0000,0000,TEST,Q8WXI7,F1,model_v1,SER,1224,-96.52486227822249,-178.21939676625183,79.29254533815823,-274.74425904447435,cis,30.181,-36.013,-62.102,29.73,,
BM0000,0000,TEST,Q8WXI7,F1,model_v1,PRO,1225,-151.79895988249496,170.27406137621116,150.15493214546044,18.47510149371621,β-sheet,33.173,-37.515,-61.72,38.76,,"[652, 653]"
BM0000,0000,TEST,Q8WXI7,F1,model_v1,ALA,1226,68.64391974600609,143.14591331178508,-21.00723081700598,74.50199356577899,γ,36.972,-37.078,-62.074,31.22,,"[650, 652, 653]"
BM0000,0000,TEST,Q8WXI7,F1,model_v1,THR,1227,-159.7427352271481,124.882624574105,140.67848886323287,-34.86011065304311,β-sheet,39.82,-35.555,-62.167,31.51,,"[650, 652, 653, 655]"
BM0000,0000,TEST,Q8WXI7,F1,model_v1,SER,1228,36.21931780046324,123.66686619688396,106.83463310777333,87.44754839642073,γ,42.336,-32.698,-61.793,29.67,"[652, 653]","[650, 652, 653, 655]"
BM0000,0000,TEST,Q8WXI7,F1,model_v1,LEU,1229,-100.18469604882608,146.7225995262716,31.607638025581135,46.537903477445525,β-sheet,45.315,-30.924,-62.402,36.56,"[652, 653]","[650, 652, 653, 655]"
BM0000,0000,TEST,Q8WXI7,F1,model_v1,GLU,1230,80.15151629340966,136.9417249235699,-175.8951221508986,56.79020863016024,γ,46.688,-29.338,-59.761,34.6,"[653, 654, 655]","[650, 652, 653, 655, 657]"
BM0000,0000,TEST,Q8WXI7,F1,model_v1,ALA,1231,43.29292364013068,85.07699979117268,43.78589406891264,41.784076151042,left-handed,48.919,-26.164,-59.469,36.53,[655],"[652, 653, 655, 657]"
BM0000,0000,TEST,Q8WXI7,F1,model_v1,SER,1232,50.60896956126149,121.56742009273479,179.57599624724818,70.9584505314733,γ,47.392,-23.491,-58.404,28.45,"[655, 656]","[653, 655, 657, 659]"
BM0000,0000,TEST,Q13546,F1,model_v1,MET,517,-72.746880425733,133.94425352781198,-172.33415788900166,61.197373102078984,polyproline II,20.539,-0.433,-56.086,27.92,,
BM0000,0000,TEST,Q13546,F1,model_v1,PRO,518,-70.6765019023776,120.21035312504667,166.7186820043161,49.53385122266907,polyproline II,18.127,-1.804,-58.767,28.86,,
BM0000,0000,TEST,Q13546,F1,model_v1,PHE,519,-60.77518652571416,103.57022738313587,164.1516550622614,42.79504085742171,polyproline II,15.2,-3.898,-57.488,26.61,,
BM0000,0000,TEST,Q13546,F1,model_v1,SER,520,-106.48482767150259,110.74972328550582,173.18330219360274,4.264895614003237,β-sheet,15.261,-7.025,-59.672,30.14,,
BM0000,0000,TEST,Q13546,F1,model_v1,SER,521,-68.55708918953573,103.27371861532151,167.46537559302365,34.71662942578578,polyproline II,12.311,-9.233,-58.714,26.18,,
BM0000,0000,TEST,Q13546,F1,model_v1,LEU,522,-113.31952257638852,144.30037923057245,-170.6430432130797,30.980856654183924,β-sheet,13.545,-12.849,-58.948,30.97,,[527]
BM0000,0000,TEST,Q13546,F1,model_v1,PRO,523,-70.28085052319902,160.74449729879825,-170.99450467712816,90.46364677559923,polyproline II,11.293,-15.749,-57.752,34.4,,[529]
BM0000,0000,TEST,Q13546,F1,model_v1,PRO,524,-77.83331352919538,90.1860827310116,160.37656935920904,12.352769201816216,polyproline II,11.818,-17.611,-54.421,34.82,,
BM0000,0000,TEST,Q13546,F1,model_v1,THR,525,-92.67064482088716,130.04445154062006,-178.03137690470567,37.3738067197329,β-sheet,14.31,-20.415,-55.011,40.3,,
BM0000,0000,TEST,Q13546,F1,model_v1,ASP,526,-65.37459875750018,43.485781967530905,175.1003557690857,-21.888816789969276,polyproline II,15.348,-21.958,-51.656,40.09,,
BM0000,0000,TEST,Q13546,F1,model_v1,GLU,527,-99.78053254826304,111.41038956524034,167.77267532221407,11.629857016977297,β-sheet,19.063,-21.155,-52.217,41.43,,[522]
BM0000,0000,TEST,Q13546,F1,model_v1,SER,528,-47.98352854957447,103.66790892825537,-173.92088664815708,55.6843803786809,polyproline II,20.805,-19.82,-49.102,47.39,,"[545, 546, 547, 548, 550]"
BM0000,0000,TEST,Q13546,F1,model_v1,ILE,529,-67.11120264368108,112.19066320558792,-178.57954987665585,45.07946056190684,polyproline II,22.164,-16.599,-50.653,53.75,,"[522, 524, 545, 546, 547, 548, 550]"
BM0000,0000,TEST,Q13546,F1,model_v1,LYS,530,-86.527534341812,103.10162338781987,171.4962091866303,16.57408904600787,polyproline II,25.948,-16.755,-50.117,53.99,,"[525, 545, 546, 547, 548, 550, 552]"
BM0000,0000,TEST,Q13546,F1,model_v1,TYR,531,-96.70344969128712,137.57219373695386,168.44759453147046,40.868744045666745,β-sheet,27.315,-13.222,-49.608,61.58,,"[539, 541, 545, 546, 547, 548, 550, 552]"
BM0000,0000,TEST,Q13546,F1,model_v1,THR,532,-105.0858806571657,115.35582132167625,176.14018075861932,10.269940664510543,β-sheet,31.044,-12.565,-49.14,65.83,,"[538, 539, 547, 548, 550, 552]"
BM0000,0000,TEST,Q13546,F1,model_v1,ILE,533,-98.98339714729516,125.0640884925256,174.25487105887984,26.080691345230434,β-sheet,31.65,-9.472,-46.974,66.87,,"[538, 539, 540, 541, 547, 548, 550, 552]"
BM0000,0000,TEST,Q13546,F1,model_v1,TYR,534,-114.52571223880938,144.7553472496277,168.21000192406817,30.229635010818328,β-sheet,35.214,-8.067,-47.065,70.85,,"[539, 552]"
BM0000,0000,TEST,Q13546,F1,model_v1,ASN,535,62.87272479329784,25.916364770168055,170.0417767000677,-36.95636002312979,left-handed,36.711,-5.27,-44.909,64.62,,
BM0000,0000,TEST,Q13546,F1,model_v1,SER,536,-84.80406031071074,134.49193981189896,173.02906449669484,49.68787950118822,polyproline II,33.745,-4.613,-42.519,65.73,,"[531, 541]"
BM0000,0000,TEST,Q13546,F1,model_v1,THR,537,-82.2544845038898,-12.034058663542664,174.97625838748806,-94.28854316743246,α-helix,34.587,-3.34,-38.992,70.0,,
BM0000,0000,TEST,Q13546,F1,model_v1,GLY,538,-164.27570948028432,148.12291341822154,175.75570935169205,-16.152796062062777,β-sheet,31.177,-4.665,-37.779,68.29,,"[532, 533, 547]"
BM0000,0000,TEST,Q13546,F1,model_v1,ILE,539,-129.48468456993203,119.4088931550615,177.08229618870038,-10.075791414870523,β-sheet,28.247,-6.825,-38.998,76.4,,"[531, 532, 533, 534, 545, 546, 547, 548]"
BM0000,0000,TEST,Q13546,F1,model_v1,GLN,540,-97.04926593723842,129.79958628415844,-177.7911956688019,32.75032034692002,β-sheet,24.771,-6.375,-37.423,76.31,,"[533, 545, 546, 547, 548]"
BM0000,0000,TEST,Q13546,F1,model_v1,ILE,541,-111.08547432675194,126.04355508480276,176.90980786075653,14.958080758050826,β-sheet,22.393,-9.385,-37.581,73.73,,"[531, 533, 546, 547, 548]"
BM0000,0000,TEST,Q13546,F1,model_v1,GLY,542,-71.34347749787133,162.54019035048924,-168.4963464671844,91.1967128526179,polyproline II,18.594,-8.874,-37.269,66.81,[545],[547]
BM0000,0000,TEST,Q13546,F1,model_v1,ALA,543,-61.189803655293595,-2.4932265834794323,179.75443614314787,-63.68303023877303,α-helix,16.434,-10.844,-34.756,68.9,,
BM0000,0000,TEST,Q13546,F1,model_v1,TYR,544,-136.55896601326955,20.001427347242974,178.48049900447313,-116.55753866602657,α-helix,15.56,-13.725,-37.212,69.79,,
BM0000,0000,TEST,Q13546,F1,model_v1,ASN,545,-109.13394794198759,140.3354424898973,171.48874546173562,31.201494547909718,β-sheet,18.814,-14.14,-39.218,79.3,[542],"[529, 531, 539, 540]"
BM0000,0000,TEST,Q13546,F1,model_v1,TYR,546,-113.6626556155557,145.47222603664184,177.33001994463888,31.809570421086136,β-sheet,21.493,-16.848,-38.712,68.27,,"[529, 531, 539, 540, 541]"
BM0000,0000,TEST,Q13546,F1,model_v1,MET,547,-121.5983205482843,128.06961353312005,173.9535212212667,6.471292984835742,β-sheet,25.141,-16.593,-39.887,72.66,,"[529, 531, 532, 533, 538, 539, 540, 541]"
BM0000,0000,TEST,Q13546,F1,model_v1,GLU,548,-112.57563083000454,117.03701983751021,178.11088431149622,4.461389007505673,β-sheet,27.341,-19.625,-40.615,59.68,,"[529, 531, 532, 533, 539, 540, 541]"
BM0000,0000,TEST,Q13546,F1,model_v1,ILE,549,-81.5514572850922,85.01090160583209,172.24606426500782,3.459444320739891,polyproline II,31.095,-18.88,-40.899,65.01,,"[529, 531, 532, 533, 534, 539, 541]"
BM0000,0000,TEST,Q13546,F1,model_v1,GLY,550,-70.47692421737268,102.22756131378294,172.8982927890778,31.75063709641026,polyproline II,31.979,-21.396,-43.631,53.01,,"[529, 531, 532, 533]"
BM0000,0000,TEST,Q13546,F1,model_v1,GLY,551,-57.68474419107125,104.69693119164461,169.46449092440787,47.012187000573356,polyproline II,35.798,-21.597,-43.441,38.82,,"[531, 532, 533, 556]"
BM0000,0000,TEST,Q13546,F1,model_v1,THR,552,-57.34757842062679,123.32172211568158,170.46473760701713,65.97414369505479,polyproline II,36.889,-21.383,-47.088,39.42,,"[531, 532, 533, 534]"
BM0000,0000,TEST,Q13546,F1,model_v1,SER,553,-58.69474248409745,75.54295369939814,167.74192884065607,16.848211215300687,polyproline II,39.394,-24.202,-47.663,31.4,,
